Release Date,Time,Actual,Previous
2023-07-12,16:30,7.07,6.85
2023-07-06,16:30,6.85,6.75
2023-06-28,16:30,6.75,6.73
2023-06-21,16:30,6.73,6.77
2023-06-14,16:30,6.77,6.81
2023-06-07,16:30,6.81,6.91
2023-05-31,16:30,6.91,6.69
2023-05-24,16:30,6.69,6.57
2023-05-17,16:30,6.57,6.48
2023-05-10,16:30,6.48,6.5
2023-05-03,16:30,6.5,6.55
2023-04-26,16:30,6.55,6.43
2023-04-19,16:30,6.43,6.3
2023-04-12,16:30,6.3,6.4
2023-04-05,16:30,6.4,6.45
2023-03-29,16:30,6.45,6.48
2023-03-22,16:30,6.48,6.71
2023-03-15,16:30,6.71,6.79
2023-03-08,17:30,6.79,6.71
2023-03-01,17:30,6.71,6.62
2023-02-22,17:30,6.62,6.39
2023-02-15,17:30,6.39,6.18
2023-02-08,17:30,6.18,6.19
2023-02-01,17:30,6.19,6.2
2023-01-25,17:30,6.2,6.23
2023-01-18,17:30,6.23,6.42
2023-01-11,17:30,6.42,6.58
2023-01-04,17:30,6.58,6.34
2022-12-21,17:30,6.34,6.42
2022-12-14,17:30,6.42,6.41
2022-12-07,17:30,6.41,6.49
2022-11-30,17:30,6.49,6.67
2022-11-23,17:30,6.67,6.9
2022-11-16,17:30,6.9,7.14
2022-11-09,17:30,7.14,7.06
2022-11-02,16:30,7.06,7.16
2022-10-26,16:30,7.16,6.94
2022-10-19,16:30,6.94,6.81
2022-10-12,16:30,6.81,6.75
2022-10-05,16:30,6.75,6.52
2022-09-28,16:30,6.52,6.25
2022-09-21,16:30,6.25,6.01
2022-09-14,16:30,6.01,5.94
2022-09-07,16:30,5.94,5.8
2022-08-31,16:30,5.8,5.65
2022-08-24,16:30,5.65,5.45
2022-08-17,16:30,5.45,5.47
2022-08-10,16:30,5.47,5.43
2022-08-03,16:30,5.43,5.74
2022-07-27,16:30,5.74,5.82
2022-07-20,16:30,5.82,5.74
2022-07-13,16:30,5.74,5.74
2022-07-06,16:30,5.74,5.84
2022-06-29,16:30,5.84,5.98
2022-06-22,16:30,5.98,5.65
2022-06-15,16:30,5.65,5.4
2022-06-08,16:30,5.4,5.33
2022-06-01,16:30,5.33,5.46
2022-05-25,16:30,5.46,5.49
2022-05-18,16:30,5.49,5.53
2022-05-11,16:30,5.53,5.36
2022-05-04,16:30,5.36,5.37
2022-04-27,16:30,5.37,5.2
2022-04-20,16:30,5.2,5.13
2022-04-13,16:30,5.13,4.9
2022-04-06,16:30,4.9,4.8
2022-03-30,16:30,4.8,4.5
2022-03-23,16:30,4.5,4.27
2022-03-16,16:30,4.27,4.09
2022-03-09,17:30,4.09,4.15
2022-03-02,17:30,4.15,4.06
2022-02-23,17:30,4.06,4.05
2022-02-16,17:30,4.05,3.83
2022-02-09,17:30,3.83,3.78
2022-02-02,17:30,3.78,3.72
2022-01-26,17:30,3.72,3.64
2022-01-19,17:30,3.64,3.52
2022-01-12,17:30,3.52,3.33
2022-01-05,17:30,3.33,3.31
2021-12-22,17:30,3.27,3.3
2021-12-15,17:30,3.3,3.3
2021-12-08,17:30,3.3,3.31
2021-12-01,17:30,3.31,3.24
2021-11-24,17:30,3.24,3.2
2021-11-17,17:30,3.2,3.16
2021-11-10,17:30,3.16,3.24
2021-11-03,16:30,3.24,3.3
2021-10-27,16:30,3.3,3.23
2021-10-20,16:30,3.23,3.18
2021-10-13,16:30,3.18,3.14
2021-10-06,16:30,3.14,3.1
2021-09-29,16:30,3.1,3.03
2021-09-22,16:30,3.03,3.03
2021-09-15,16:30,3.03,3.03
2021-09-08,16:30,3.03,3.03
2021-09-01,16:30,3.03,3.03
2021-08-25,16:30,3.03,3.06
2021-08-18,16:30,3.06,2.99
2021-08-11,16:30,2.99,2.97
2021-08-04,16:30,2.97,3.01
2021-07-28,16:30,3.01,3.11
2021-07-21,16:30,3.11,3.09
2021-07-14,16:30,3.09,3.15
2021-07-07,16:30,3.15,3.2
2021-06-30,16:30,3.2,3.18
2021-06-23,16:30,3.18,3.11
2021-06-16,16:30,3.11,3.15
2021-06-09,16:30,3.15,3.17
2021-06-02,16:30,3.17,3.18
2021-05-26,16:30,3.18,3.15
2021-05-19,16:30,3.15,3.11
2021-05-12,16:30,3.11,3.18
2021-05-05,16:30,3.18,3.17
2021-04-28,16:30,3.17,3.2
2021-04-21,16:30,3.2,3.27
2021-04-14,16:30,3.27,3.36
2021-04-07,16:30,3.36,3.33
2021-03-31,16:30,3.33,3.36
2021-03-24,16:30,3.36,3.28
2021-03-17,16:30,3.28,3.26
2021-03-10,17:30,3.26,3.23
2021-03-03,17:30,3.23,3.08
2021-02-24,17:30,3.08,2.98
2021-02-17,17:30,2.98,2.96
2021-02-10,17:30,2.96,2.92
2021-02-03,17:30,2.92,2.95
2021-01-27,17:30,2.95,2.92
2021-01-20,17:30,2.92,2.88
2021-01-13,17:30,2.88,2.86
2021-01-06,18:00,2.86,2.86
2020-12-23,17:30,2.86,2.85
2020-12-16,17:30,2.85,2.9
2020-12-09,17:30,2.9,2.92
2020-12-02,17:30,2.92,2.92
2020-11-25,17:30,2.92,2.99
2020-11-18,17:30,2.99,2.98
2020-11-11,17:30,2.98,3.01
2020-11-04,17:30,3.01,3.0
2020-10-28,16:30,3.0,3.02
2020-10-21,16:30,3.02,3.0
2020-10-14,16:30,3.0,3.01
2020-10-07,16:30,3.01,3.05
2020-09-30,16:30,3.05,3.1
2020-09-23,16:30,3.1,3.07
2020-09-16,16:30,3.07,3.07
2020-09-09,16:30,3.07,3.08
2020-09-02,16:30,3.08,3.11
2020-08-26,16:30,3.11,3.13
2020-08-19,16:30,3.13,3.06
2020-08-12,16:30,3.06,3.14
2020-08-05,16:30,3.14,3.2
2020-07-29,16:30,3.2,3.2
2020-07-22,16:30,3.2,3.19
2020-07-15,16:30,3.19,3.26
2020-07-08,16:30,3.26,3.29
2020-07-01,16:30,3.29,3.3
2020-06-24,16:30,3.3,3.3
2020-06-17,16:30,3.3,3.38
2020-06-10,16:30,3.38,3.37
2020-06-03,16:30,3.37,3.42
2020-05-27,16:30,3.42,3.41
2020-05-20,16:30,3.41,3.43
2020-05-13,16:30,3.43,3.4
2020-05-06,16:30,3.4,3.43
2020-04-29,16:30,3.43,3.45
2020-04-22,16:30,3.45,3.45
2020-04-15,16:30,3.45,3.49
2020-04-08,16:30,3.49,3.47
2020-04-01,16:30,3.47,3.82
2020-03-25,16:30,3.82,3.74
2020-03-18,16:30,3.74,3.47
2020-03-11,16:30,3.47,3.57
2020-03-04,17:30,3.57,3.73
2020-02-26,17:30,3.73,3.77
2020-02-19,17:30,3.77,3.72
2020-02-12,17:30,3.72,3.71
2020-02-05,17:30,3.71,3.81
2020-01-29,17:30,3.81,3.87
2020-01-22,17:30,3.87,3.87
2020-01-15,17:30,3.87,3.91
2020-01-08,17:31,3.91,3.95
2019-12-26,17:30,3.99,3.98
2019-12-18,17:30,3.98,3.98
2019-12-11,17:30,3.98,3.97
2019-12-04,17:30,3.97,3.97
2019-11-27,17:30,3.97,3.99
2019-11-20,17:30,3.99,4.03
2019-11-13,17:30,4.03,3.98
2019-11-06,17:30,3.98,4.05
2019-10-30,16:30,4.05,4.02
2019-10-23,16:30,4.02,3.92
2019-10-16,16:30,3.92,3.9
2019-10-09,16:30,3.9,3.99
2019-10-02,16:30,3.99,4.02
2019-09-25,16:30,4.02,4.01
2019-09-18,16:30,4.01,3.82
2019-09-11,16:30,3.82,3.87
2019-09-04,16:30,3.87,3.94
2019-08-28,16:30,3.94,3.9
2019-08-21,16:30,3.9,3.93
2019-08-14,16:30,3.93,4.01
2019-08-07,16:30,4.01,4.08
2019-07-31,16:30,4.08,4.08
2019-07-24,16:30,4.08,4.12
2019-07-17,16:30,4.12,4.04
2019-07-10,16:30,4.04,4.07
2019-07-03,16:30,4.07,4.06
2019-06-26,16:30,4.06,4.14
2019-06-19,16:30,4.14,4.12
2019-06-12,16:30,4.12,4.23
2019-06-05,16:30,4.23,4.33
2019-05-29,16:30,4.33,4.33
2019-05-22,16:30,4.33,4.4
2019-05-15,16:30,4.4,4.41
2019-05-08,16:30,4.41,4.42
2019-05-01,16:30,4.42,4.46
2019-04-24,16:30,4.46,4.44
2019-04-17,16:30,4.44,4.4
2019-04-10,16:30,4.4,4.36
2019-04-03,16:30,4.36,4.45
2019-03-27,16:30,4.45,4.55
2019-03-20,16:30,4.55,4.64
2019-03-13,16:30,4.64,4.67
2019-03-06,17:30,4.67,4.65
2019-02-27,17:30,4.65,4.66
2019-02-20,17:30,4.66,4.65
2019-02-13,17:30,4.65,4.69
2019-02-06,17:30,4.69,4.76
2019-01-30,17:30,4.76,4.75
2019-01-23,17:30,4.75,4.74
2019-01-16,17:30,4.74,4.74
2019-01-09,17:30,4.74,4.84
2019-01-03,17:30,4.84,4.94
2018-12-19,17:30,4.94,4.96
2018-12-12,17:30,4.96,5.08
2018-12-05,17:30,5.08,5.12
2018-11-28,17:30,5.12,5.16
2018-11-21,17:30,5.16,5.17
2018-11-14,17:30,5.17,5.15
2018-11-07,17:30,5.15,5.11
2018-10-31,16:30,5.11,5.11
2018-10-24,16:30,5.11,5.1
2018-10-17,16:30,5.1,5.05
2018-10-10,16:30,5.05,4.96
2018-10-03,16:30,4.96,4.97
2018-09-26,16:30,4.97,4.88
2018-09-19,16:30,4.88,4.84
2018-09-12,16:30,4.84,4.8
2018-09-05,16:30,4.8,4.78
2018-08-29,16:30,4.78,4.81
2018-08-22,16:30,4.81,4.81
2018-08-15,16:30,4.81,4.84
2018-08-08,16:30,4.84,4.84
2018-08-01,16:30,4.84,4.77
2018-07-25,16:30,4.77,4.77
2018-07-18,16:30,4.77,4.76
2018-07-11,16:30,4.76,4.79
2018-07-04,16:30,4.79,4.84
2018-06-27,16:30,4.84,4.83
2018-06-20,16:30,4.83,4.83
2018-06-13,16:30,4.83,4.75
2018-06-06,16:30,4.75,4.84
2018-05-30,16:30,4.84,4.86
2018-05-23,16:30,4.86,4.77
2018-05-16,16:30,4.77,4.78
2018-05-09,16:30,4.78,4.8
2018-05-02,16:30,4.8,4.73
2018-04-25,16:30,4.73,4.66
2018-04-18,16:30,4.66,4.66
2018-04-11,16:30,4.66,4.69
2018-04-04,16:30,4.69,4.69
2018-03-28,16:30,4.69,4.68
2018-03-21,16:30,4.68,4.69
2018-03-14,16:30,4.69,4.65
2018-03-07,17:30,4.65,4.64
2018-02-28,17:30,4.64,4.64
2018-02-21,17:30,4.64,4.57
2018-02-14,17:30,4.57,4.5
2018-02-07,17:30,4.5,4.41
2018-01-31,17:30,4.41,4.36
2018-01-24,17:30,4.36,4.33
2018-01-17,17:30,4.33,4.23
2018-01-10,17:30,4.23,4.22
2018-01-03,17:30,4.25,4.16
2017-12-27,17:30,,4.16
2017-12-20,17:30,4.16,4.2
2017-12-13,17:30,4.2,4.19
2017-12-06,17:30,4.19,4.2
2017-11-29,17:30,4.2,4.2
2017-11-22,17:30,4.2,4.18
2017-11-15,17:30,4.18,4.18
2017-11-08,17:30,4.18,4.22
2017-11-01,16:30,4.22,4.18
2017-10-25,16:30,4.18,4.14
2017-10-18,16:30,4.14,4.16
2017-10-11,16:30,4.16,4.12
2017-10-04,16:30,4.12,4.11
2017-09-27,16:30,4.11,4.04
2017-09-20,16:30,4.04,4.03
2017-09-13,16:30,4.03,4.06
2017-09-06,16:30,4.06,4.11
2017-08-30,16:30,4.11,4.12
2017-08-23,16:30,4.12,4.12
2017-08-16,16:30,4.12,4.14
2017-08-09,16:30,4.14,4.17
2017-08-02,16:30,4.17,4.17
2017-07-26,16:30,4.17,4.22
2017-07-19,16:30,4.22,4.22
2017-07-12,16:30,4.22,4.2
2017-07-06,16:30,4.2,4.13
2017-06-28,16:30,4.13,4.13
2017-06-21,16:30,4.13,4.13
2017-06-14,16:30,4.13,4.14
2017-06-07,16:30,4.14,4.17
2017-05-31,16:30,4.17,4.17
2017-05-24,16:30,4.17,4.23
2017-05-17,16:30,4.23,4.23
2017-05-10,16:30,4.23,4.23
2017-05-03,16:30,4.23,4.2
2017-04-26,16:30,4.2,4.22
2017-04-19,16:30,4.22,4.28
2017-04-12,16:30,4.28,4.34
2017-04-05,16:30,4.34,4.33
2017-03-29,16:30,4.33,4.46
2017-03-22,16:30,4.46,4.46
2017-03-15,16:30,4.46,4.36
2017-03-08,17:30,4.36,4.3
2017-03-01,17:30,4.3,4.36
2017-02-22,17:30,4.36,4.32
2017-02-15,17:30,4.32,4.35
2017-02-08,17:30,4.35,4.39
2017-02-01,17:30,4.39,4.35
2017-01-25,17:30,4.35,4.27
2017-01-18,17:30,4.27,4.32
2017-01-11,17:30,4.32,4.39
2017-01-04,17:30,4.39,4.41
2016-12-21,17:30,4.41,4.28
2016-12-14,17:30,4.28,4.27
2016-12-07,17:30,4.27,4.23
2016-11-30,17:30,4.23,4.16
2016-11-23,17:30,4.16,3.95
2016-11-16,17:30,3.95,3.77
2016-11-09,17:30,3.77,3.75
2016-11-02,16:30,3.75,3.71
2016-10-26,16:30,3.71,3.73
2016-10-19,16:30,3.73,3.68
2016-10-12,16:30,3.68,3.62
2016-10-05,16:30,3.62,3.66
2016-09-28,16:30,3.66,3.7
2016-09-21,16:30,3.7,3.67
2016-09-14,16:30,3.67,3.68
2016-09-07,16:30,3.68,3.67
2016-08-31,16:30,3.67,3.67
2016-08-24,16:30,3.67,3.64
2016-08-17,16:30,3.64,3.65
2016-08-10,16:30,3.65,3.67
2016-08-03,16:30,3.67,3.69
2016-07-27,16:30,3.69,3.65
2016-07-20,16:30,3.65,3.6
2016-07-13,16:30,3.6,3.66
2016-07-06,16:30,3.66,3.75
2016-06-29,16:30,3.75,3.76
2016-06-22,16:30,3.76,3.79
2016-06-15,16:30,3.79,3.83
2016-06-08,16:30,3.83,3.85
2016-06-01,16:30,3.85,3.85
2016-05-25,16:30,3.85,3.82
2016-05-18,16:30,3.82,3.82
2016-05-11,16:30,3.82,3.87
2016-05-04,16:30,3.87,3.85
2016-04-27,16:30,3.85,3.83
2016-04-20,16:30,3.83,3.82
2016-04-13,16:30,3.82,3.86
2016-04-06,16:30,3.86,3.94
2016-03-30,16:30,3.94,3.93
2016-03-23,16:30,3.93,3.94
2016-03-16,16:30,3.94,3.81
2016-03-09,17:30,3.81,3.83
2016-03-02,17:30,3.83,3.85
2016-02-24,17:30,3.85,3.83
2016-02-17,17:30,3.83,3.91
2016-02-10,17:30,3.91,3.97
2016-02-03,17:30,3.97,4.02
2016-01-27,17:30,4.02,4.06
2016-01-20,17:30,4.06,4.12
2016-01-13,17:30,4.12,4.2
2016-01-06,17:30,4.2,4.16
2015-12-23,17:30,4.16,4.14
2015-12-16,17:30,4.14,4.14
2015-12-09,17:30,4.14,4.12
2015-12-02,17:30,4.12,4.14
2015-11-25,17:30,4.14,4.18
2015-11-18,17:30,4.18,4.12
2015-11-11,17:30,4.12,4.01
2015-11-04,17:30,4.01,3.98
2015-10-28,16:30,3.98,3.95
2015-10-21,16:30,3.95,3.99
2015-10-14,16:30,3.99,3.99
2015-10-07,16:30,3.99,4.08
2015-09-30,16:30,4.08,4.09
2015-09-23,16:30,4.09,4.09
2015-09-16,16:30,4.09,4.1
2015-09-09,16:30,4.1,4.08
2015-09-02,16:30,4.08,4.08
2015-08-26,16:30,4.08,4.11
2015-08-19,16:30,4.11,4.13
2015-08-12,16:30,4.13,4.13
2015-08-05,16:30,4.13,4.17
2015-07-29,16:30,4.17,4.23
2015-07-22,16:30,4.23,4.23
2015-07-15,16:30,4.23,4.23
2015-07-08,16:30,4.23,4.26
2015-07-01,16:30,4.26,4.19
2015-06-24,16:30,4.19,4.22
2015-06-17,16:30,4.22,4.17
2015-06-10,16:30,4.17,4.02
2015-06-03,16:30,4.02,4.07
2015-05-27,16:30,4.07,4.04
2015-05-20,16:30,4.04,4.0
2015-05-13,16:30,4.0,3.93
2015-05-06,16:30,3.93,3.85
2015-04-29,16:30,3.85,3.83
2015-04-22,16:30,3.83,3.87
2015-04-15,16:30,3.87,3.86
2015-04-08,16:30,3.86,3.89
2015-04-01,16:30,3.89,3.9
2015-03-25,16:30,3.9,3.99
2015-03-18,16:30,3.99,4.01
2015-03-11,16:30,4.01,3.96
2015-03-04,17:30,3.96,3.99
2015-02-25,17:30,3.99,3.93
2015-02-18,17:30,3.93,3.84
2015-02-11,17:30,3.84,3.79
2015-02-04,17:30,3.79,3.83
2015-01-28,17:30,3.83,3.8
2015-01-21,17:30,3.8,3.89
2015-01-14,17:30,3.89,4.01
2015-01-07,17:30,4.01,4.02
2014-12-24,17:30,4.02,4.06
2014-12-17,17:30,4.06,4.11
2014-12-10,17:30,4.11,4.08
2014-12-03,17:30,4.08,4.15
2014-11-26,17:30,4.15,4.18
2014-11-19,17:30,4.18,4.19
2014-11-12,17:30,4.19,4.17
2014-11-05,17:30,4.17,4.13
2014-10-29,16:30,4.13,4.1
2014-10-22,16:30,4.1,4.2
2014-10-15,16:30,4.2,4.3
2014-10-08,16:30,4.3,4.33
2014-10-01,16:30,4.33,4.39
2014-09-24,16:30,4.39,4.36
2014-09-17,16:30,4.36,4.27
2014-09-10,16:30,4.27,4.25
2014-09-03,16:30,4.25,4.28
2014-08-27,16:30,4.28,4.29
2014-08-20,16:30,4.29,4.35
2014-08-13,16:30,4.35,4.35
2014-08-06,16:30,4.35,4.33
2014-07-30,16:30,4.33,4.33
2014-07-23,16:30,4.33,4.33
2014-07-16,16:30,4.33,4.32
2014-07-09,16:30,4.32,4.28
2014-07-02,16:30,4.28,4.33
2014-06-25,16:30,4.33,4.36
2014-06-18,16:30,4.36,4.34
2014-06-11,16:30,4.34,4.26
2014-06-04,16:30,4.26,4.31
2014-05-28,16:30,4.31,4.33
2014-05-21,16:30,4.33,4.39
2014-05-14,16:30,4.39,4.43
2014-05-07,16:30,4.43,4.49
2014-04-30,16:30,4.49,4.49
2014-04-23,16:30,4.49,4.47
2014-04-16,16:30,4.47,4.56
2014-04-09,16:30,4.56,4.56
2014-04-02,16:30,4.56,4.56
2014-03-26,16:30,4.56,4.5
2014-03-19,16:30,4.5,4.52
2014-03-12,16:30,4.52,4.47
2014-03-05,17:30,4.47,4.53
2014-02-26,17:30,4.53,4.5
2014-02-19,17:30,4.5,4.45
2014-02-12,17:30,4.45,4.47
2014-02-05,17:30,4.47,4.52
2014-01-29,17:30,4.52,4.57
2014-01-22,17:30,4.57,4.66
2014-01-15,17:30,4.66,4.72
2014-01-08,17:30,4.72,4.64
2013-12-24,17:30,4.64,4.62
2013-12-18,17:30,4.62,4.61
2013-12-11,17:30,4.61,4.51
2013-12-04,17:30,4.51,4.48
2013-11-27,17:30,4.48,4.46
2013-11-20,17:30,4.46,4.44
2013-11-13,17:30,4.44,4.32
2013-11-06,17:30,4.32,4.33
2013-10-01,14:30,4.65,4.69
2013-09-01,14:30,4.69,4.63
2013-08-01,14:30,4.63,4.34
2013-07-01,14:30,4.34,3.82
2013-06-01,14:30,3.82,3.64
2013-05-01,14:30,3.64,3.79
2013-04-01,14:30,3.79,3.75
2013-03-01,14:30,3.75,3.65
2013-02-01,14:30,3.65,3.51
2013-01-01,14:30,3.51,3.54
2012-12-01,14:30,3.54,3.6
2012-11-01,14:30,3.6,3.66
2012-10-01,14:30,3.66,3.79
2012-09-01,14:30,3.79,3.76
2012-08-01,14:30,3.76,3.87
2012-07-01,14:30,3.87,3.94
2012-06-01,14:30,3.94,4.06
2012-05-01,14:30,4.06,4.15
2012-04-01,14:30,4.15,4.07
2012-03-01,14:30,4.07,4.09
2012-02-01,14:30,4.09,4.1
2012-01-01,14:30,4.1,4.22
2011-12-01,14:30,4.22,4.3
2011-11-01,14:30,4.3,4.22
2011-10-01,14:30,4.22,4.33
2011-09-01,14:30,4.33,4.54
2011-08-01,14:30,4.54,4.55
2011-07-01,14:30,4.55,4.63
2011-06-01,14:30,4.63,4.85
2011-05-01,14:30,4.85,4.87
2011-04-01,14:30,4.87,5.01
2011-03-01,14:30,5.01,4.81
2011-02-01,14:30,4.81,4.83
2011-01-01,14:30,4.83,4.47
2010-12-01,14:30,4.47,4.27
2010-11-01,14:30,4.27,4.41
2010-10-01,14:30,4.41,4.53
2010-09-01,14:30,4.53,4.65
2010-08-01,14:30,4.65,4.75
2010-07-01,14:30,4.75,4.85
2010-06-01,14:30,4.85,5.1
2010-05-01,14:30,5.1,5.03
2010-04-01,14:30,5.03,4.97
2010-03-01,14:30,4.97,5.05
2010-02-01,14:30,5.05,4.99
2010-01-01,14:30,4.99,4.84
2009-12-01,14:30,4.84,5.01
2009-11-01,14:30,5.01,4.99
2009-10-01,14:30,4.99,5.22
2009-09-01,14:30,5.22,5.24
2009-08-01,14:30,5.24,5.45
2009-07-01,14:30,5.45,4.87
2009-06-01,14:30,4.87,4.71
2009-05-01,14:30,4.71,4.77
2009-04-01,14:30,4.77,5.1
2009-03-01,14:30,5.1,5.15
2009-02-01,14:30,5.15,5.16
2009-01-01,14:30,5.16,5.97
2008-12-01,14:30,5.97,6.32
2008-11-01,14:30,6.32,6.01
2008-10-01,14:30,6.01,6.46
2008-09-01,14:30,6.46,6.42
2008-08-01,14:30,6.42,6.38
2008-07-01,14:30,6.38,5.96
2008-06-01,14:30,5.96,5.9
2008-05-01,14:30,5.9,5.95
2008-04-01,14:30,5.95,6.0
2008-03-01,14:30,6.0,5.6
2008-02-01,14:30,5.6,6.08
2008-01-01,14:30,6.08,6.08
2007-12-01,14:30,6.08,6.27
2007-11-01,14:30,6.27,6.31
2007-10-01,14:30,6.31,6.44
2007-09-01,14:30,6.44,6.57
2007-08-01,14:30,6.57,6.57
2007-07-01,14:30,6.57,6.23
2007-06-01,14:30,6.23,6.16
2007-05-01,14:30,6.16,6.06
2007-04-01,14:30,6.06,6.18
2007-03-01,14:30,6.18,6.21
2007-02-01,14:30,6.21,6.11
2007-01-01,14:30,6.11,6.12
2006-12-01,14:30,6.12,6.29
2006-11-01,14:30,6.29,6.28
2006-10-01,14:30,6.28,6.42
2006-09-01,14:30,6.42,6.7
2006-08-01,14:30,6.7,6.74
2006-07-01,14:30,6.74,6.63
2006-06-01,14:30,6.63,6.54
2006-05-01,14:30,6.54,6.38
2006-04-01,14:30,6.38,6.23
2006-03-01,14:30,6.23,6.1
2006-02-01,14:30,6.1,6.22
2006-01-01,14:30,6.22,6.28
2005-12-01,14:30,6.28,6.1
2005-11-01,14:30,6.1,5.81
2005-10-01,14:30,5.81,5.78
2005-09-01,14:30,5.78,5.72
2005-08-01,14:30,5.72,5.57
2005-07-01,14:30,5.57,5.67
2005-06-01,14:30,5.67,5.82
2005-05-01,14:30,5.82,5.92
2005-04-01,14:30,5.92,5.61
2005-03-01,14:30,5.61,5.63
2005-02-01,14:30,5.63,5.68
2005-01-01,14:30,5.68,5.7
2004-12-01,14:30,5.7,5.64
2004-11-01,14:30,5.64,5.7
2004-10-01,14:30,5.7,5.77
2004-09-01,14:30,5.77,5.97
2004-08-01,14:30,5.97,6.21
2004-07-01,14:30,6.21,6.26
2004-06-01,14:30,6.26,5.91
2004-05-01,14:30,5.91,5.44
2004-04-01,14:30,5.44,5.51
2004-03-01,14:30,5.51,5.6
2004-02-01,14:30,5.6,5.74
2004-01-01,14:30,5.74,5.81
2003-12-01,14:30,5.81,5.86
2003-11-01,14:30,5.86,5.85
2003-10-01,14:30,5.85,6.24
2003-09-01,14:30,6.24,5.72
2003-08-01,14:30,5.72,5.11
2003-07-01,14:30,5.11,5.21
2003-06-01,14:30,5.21,5.65
2003-05-01,14:30,5.65,5.63
2003-04-01,14:30,5.63,5.65
2003-03-01,14:30,5.65,5.77
2003-02-01,14:30,5.77,5.83
2003-01-01,14:30,5.83,5.95
2002-12-01,14:30,5.95,6.02
2002-11-01,14:30,6.02,5.92
2002-10-01,14:30,5.92,6.12
2002-09-01,14:30,6.12,6.32
2002-08-01,14:30,6.32,6.53
2002-07-01,14:30,6.53,6.7
2002-06-01,14:30,6.7,6.86
2002-05-01,14:30,6.86,7.1
2002-04-01,14:30,7.1,6.79
2002-03-01,14:30,6.79,6.9
2002-02-01,14:30,6.9,7.14
2002-01-01,14:30,7.14,6.72
2001-12-01,14:30,6.72,6.52
2001-11-01,14:30,6.52,6.63
2001-10-01,14:30,6.63,6.87
2001-09-01,14:30,6.87,7.05
2001-08-01,14:30,7.05,7.12
2001-07-01,14:30,7.12,7.17
2001-06-01,14:30,7.17,7.08
2001-05-01,14:30,7.08,6.9
2001-04-01,14:30,6.9,6.99
2001-03-01,14:30,6.99,6.97
2001-02-01,14:30,6.97,7.21
2001-01-01,14:30,7.21,7.63
2000-12-01,14:30,7.63,7.74
2000-11-01,14:30,7.74,7.87
2000-10-01,14:30,7.87,7.94
2000-09-01,14:30,7.94,8.19
2000-08-01,14:30,8.19,8.26
2000-07-01,14:30,8.26,8.53
2000-06-01,14:30,8.53,8.21
2000-05-01,14:30,8.21,8.27
2000-04-01,14:30,8.27,8.35
2000-03-01,14:30,8.35,8.31
2000-02-01,14:30,8.31,7.98
2000-01-01,14:30,7.98,7.78
1999-12-01,14:30,7.78,7.96
1999-11-01,14:30,7.96,7.84
1999-10-01,14:30,7.84,8.0
1999-09-01,14:30,8.0,7.75
1999-08-01,14:30,7.75,7.68
1999-07-01,14:30,7.68,7.25
1999-06-01,14:30,7.25,6.93
1999-05-01,14:30,6.93,6.99
1999-04-01,14:30,6.99,6.93
1999-03-01,14:30,6.93,6.79
1999-02-01,14:30,6.79,6.72
1999-01-01,14:30,6.72,6.8
1998-12-01,14:30,6.8,6.74
1998-11-01,14:30,6.74,6.53
1998-10-01,14:30,6.53,6.83
1998-09-01,14:30,6.83,6.92
1998-08-01,14:30,6.92,6.95
1998-07-01,14:30,6.95,7.05
1998-06-01,14:30,7.05,7.01
1998-05-01,14:30,7.01,7.03
1998-04-01,14:30,7.03,7.01
1998-03-01,14:30,7.01,6.97
1998-02-01,14:30,6.97,7.12
1998-01-01,14:30,7.12,7.26
1997-12-01,14:30,7.26,7.35
1997-11-01,14:30,7.35,7.44
1997-10-01,14:30,7.44,7.61
1997-09-01,14:30,7.61,7.56
1997-08-01,14:30,7.56,7.75
1997-07-01,14:30,7.75,7.99
1997-06-01,14:30,7.99,8.14
1997-05-01,14:30,8.14,8.03
1997-04-01,14:30,8.03,7.79
1997-03-01,14:30,7.79,7.91
1997-02-01,14:30,7.91,7.72
1997-01-01,14:30,7.72,7.68
1996-12-01,14:30,7.68,7.92
1996-11-01,14:30,7.92,8.19
1996-10-01,14:30,8.19,8.07
1996-09-01,14:30,8.07,8.25
1996-08-01,14:30,8.25,8.31
1996-07-01,14:30,8.31,8.19
1996-06-01,14:30,8.19,8.06
1996-05-01,14:30,8.06,7.85
1996-04-01,14:30,7.85,7.28
1996-03-01,14:30,7.28,7.15
1996-02-01,14:30,7.15,7.2
1996-01-01,14:30,7.2,7.44
1995-12-01,14:30,7.44,7.54
1995-11-01,14:30,7.54,7.7
1995-10-01,14:30,7.7,7.89
1995-09-01,14:30,7.89,7.71
1995-08-01,14:30,7.71,7.63
1995-07-01,14:30,7.63,7.89
1995-06-01,14:30,7.89,8.38
1995-05-01,14:30,8.38,8.53
1995-04-01,14:30,8.53,8.75
1995-03-01,14:30,8.75,9.02
1995-02-01,14:30,9.02,9.16
1995-01-01,14:30,9.16,9.18
1994-12-01,14:30,9.18,9.0
1994-11-01,14:30,9.0,8.8
1994-10-01,14:30,8.8,8.62
1994-09-01,14:30,8.62,8.61
1994-08-01,14:30,8.61,8.45
1994-07-01,14:30,8.45,8.58
1994-06-01,14:30,8.58,8.37
1994-05-01,14:30,8.37,7.89
1994-04-01,14:30,7.89,7.3
1994-03-01,14:30,7.3,7.0
1994-02-01,14:30,7.0,7.17
1994-01-01,14:30,7.17,7.1
1993-12-01,14:30,7.1,6.7
1993-11-01,14:30,6.7,6.76
1993-10-01,14:30,6.76,6.91
1993-09-01,14:30,6.91,7.11
1993-08-01,14:30,7.11,7.26
1993-07-01,14:30,7.26,7.42
1993-06-01,14:30,7.42,7.39
1993-05-01,14:30,7.39,7.47
1993-04-01,14:30,7.47,7.55
1993-03-01,14:30,7.55,7.89
1993-02-01,14:30,7.89,8.11
1993-01-01,14:30,8.11,8.3
1992-12-01,14:30,8.3,8.11
1992-11-01,14:30,8.11,7.81
1992-10-01,14:30,7.81,7.87
1992-09-01,14:30,7.87,8.02
1992-08-01,14:30,8.02,8.39
1992-07-01,14:30,8.39,8.58
1992-06-01,14:30,8.58,8.71
1992-05-01,14:30,8.71,8.83
1992-04-01,14:30,8.83,8.6
1992-03-01,14:30,8.6,8.4
1992-02-01,14:30,8.4,8.28
1992-01-01,14:30,8.28,8.61
1991-12-01,14:30,8.61,8.76
1991-11-01,14:30,8.76,8.92
1991-10-01,14:30,8.92,9.2
1991-09-01,14:30,9.2,9.52
1991-08-01,14:30,9.52,9.65
1991-07-01,14:30,9.65,9.48
1991-06-01,14:30,9.48,9.49
1991-05-01,14:30,9.49,9.43
1991-04-01,14:30,9.43,9.31
1991-03-01,14:30,9.31,9.56
1991-02-01,14:30,9.56,9.51
1991-01-01,14:30,9.51,9.85
1990-12-01,14:30,9.85,10.07
1990-11-01,14:30,10.07,10.03
1990-10-01,14:30,10.03,10.0
1990-09-01,14:30,10.0,9.83
1990-08-01,14:30,9.83,9.94
1990-07-01,14:30,9.94,10.21
1990-06-01,14:30,10.21,10.37
1990-05-01,14:30,10.37,10.22
1990-04-01,14:30,10.22,10.12
1990-03-01,14:30,10.12,9.99
1990-02-01,14:30,9.99,
